What is 2 + 2?,4;5;6;7,1,Math,Easy
Who developed Java?,James Gosling;Bjarne Stroustrup;Guido van Rossum;Dennis Ritchie,1,Programming,Medium
What is the square root of 16?,2;3;4;5,3,Math,Easy
What is 10 * 10?,50;100;150;200,2,Math,Easy
Which keyword is used to define a class in Java?,class;def;function;method,1,Programming,Easy
Which data structure uses LIFO (Last In First Out) principle?,Stack;Queue;Array;Tree,1,Programming,Medium
What is the sum of angles in a triangle?,180;360;90;270,1,Math,Medium
What is the result of 9 / 3?,1;2;3;4,3,Math,Easy
Who created the C programming language?,Dennis Ritchie;James Gosling;Bjarne Stroustrup;Guido van Rossum,1,Programming,Medium
Which of these is a sorting algorithm?,Bubble Sort;Binary Search;Hashing;Recursion,1,Programming,Medium
